9500	Catawba County
9501	Catawba County
9502	Catawba County
9503	Catawba County
9504	Catawba County
9505	Catawba County
9506	Catawba County
9507	Catawba County
9508	Catawba County
9509	Catawba County
9510	Catawba County
9511	Catawba County
9512	Catawba County
9513	Catawba County
9514	Catawba County
9515	Catawba County
9516	Catawba County
9517	Catawba County
9518	Catawba County
9519	Catawba County
9520	Catawba County
9521	Catawba County
9522	Catawba County
9523	Catawba County
9524	Catawba County
9525	Catawba County
9526	Catawba County
9527	Catawba County
9528	Catawba County
9529	Catawba County
9530	Catawba County
9531	Catawba County
9532	Catawba County
9533	Catawba County
9544	Catawba County
9545	Catawba County
9555	Catawba County
9556	Catawba County
9557	Catawba County
9558	Catawba County
9559	Catawba County
9560	Catawba County
9561	Catawba County
9562	Catawba County
9567	Catawba County
9577	Catawba County
9578	Catawba County
9579	Catawba County
9580	Catawba County
13544	Statewide Medical Transport
13545	Statewide Medical Transport
13546	Statewide Medical Transport
13547	Statewide Medical Transport
18500	Gaston County
18501	Gaston County
18502	Gaston County
18503	Gaston County
18504	Gaston County
18505	Gaston County
18506	Gaston County
18507	Gaston County
18517	Gaston County
18518	Gaston County
18533	Gaston County
18534	Gaston County
18535	Gaston County
18536	Gaston County
18537	Gaston County
18538	Gaston County
18539	Gaston County
18540	Gaston County
18543	Gaston County
18544	Gaston County
18545	Gaston County
18546	Gaston County
18547	Gaston County
18561	Gaston County
18562	Gaston County
18566	Gaston County
18578	Gaston County
18590	Gaston County
18600	Gaston County
18620	Gaston County
18622	Gaston County
18640	Gaston County
18641	Gaston County
18642	Gaston County
18643	Gaston County
18644	Gaston County
18990	Gaston County
25000	Iredell County
25001	Iredell County
25002	Iredell County
25003	Iredell County
25004	Iredell County
25005	Iredell County
25006	Iredell County
25007	Iredell County
25008	Iredell County
25009	Iredell County
25010	Iredell County
25011	Iredell County
25012	Iredell County
25013	Iredell County
25014	Iredell County
25015	Iredell County
25016	Iredell County
25017	Iredell County
25018	Iredell County
25019	Iredell County
25020	Iredell County
25021	Iredell County
25022	Iredell County
25023	Iredell County
25024	Iredell County
25025	Iredell County
25026	Iredell County
25027	Iredell County
25028	Iredell County
25029	Iredell County
25030	Iredell County
25036	Iredell County
25037	Iredell County
25038	Iredell County
25039	Iredell County
25040	Iredell County
25050	Iredell County
25051	Iredell County
25052	Iredell County
25053	Iredell County
25054	Iredell County
25055	Iredell County
25056	Iredell County
25057	Iredell County
25058	Iredell County
25068	Iredell County
25069	Iredell County
25070	Iredell County
25071	Iredell County
25072	Iredell County
25073	Iredell County
25074	Iredell County
25075	Iredell County
25076	Iredell County
25077	Iredell County
25078	Iredell County
25079	Iredell County
25080	Iredell County
25081	Iredell County
25082	Iredell County
25083	Iredell County
25084	Iredell County
25085	Iredell County
25086	Iredell County
25087	Iredell County
25088	Iredell County
25089	Iredell County
25090	Iredell County
25091	Iredell County
25092	Iredell County
25093	Iredell County
25094	Iredell County
25095	Iredell County
25096	Iredell County
25097	Iredell County
25098	Iredell County
25099	Iredell County
25100	Iredell County
25101	Iredell County
25102	Iredell County
25103	Iredell County
25104	Iredell County
25105	Iredell County
25106	Iredell County
25107	Iredell County
25108	Iredell County
25109	Iredell County
25110	Iredell County
25111	Iredell County
25112	Iredell County
25113	Iredell County
25114	Iredell County
25115	Iredell County
25116	Iredell County
25117	Iredell County
25118	Iredell County
25119	Iredell County
25120	Iredell County
25121	Iredell County
25122	Iredell County
25123	Iredell County
25124	Iredell County
25125	Iredell County
25126	Iredell County
25127	Iredell County
25128	Iredell County
25129	Iredell County
25130	Iredell County
25131	Iredell County
25132	Iredell County
25400	Iredell County
25401	Iredell County
25402	Iredell County
25403	Iredell County
25404	Iredell County
25405	Iredell County
25406	Iredell County
25407	Iredell County
28000	Lincoln County
28001	Lincoln County
28002	Lincoln County
28003	Lincoln County
28004	Lincoln County
28005	Lincoln County
28006	Lincoln County
28008	Lincoln County
28012	Lincoln County
28013	Lincoln County
28014	Lincoln County
28016	Lincoln County
28017	Lincoln County
28018	Lincoln County
28019	Lincoln County
28020	Lincoln County
28021	Lincoln County
28022	Lincoln County
28023	Lincoln County
28024	Lincoln County
28025	Lincoln County
28026	Lincoln County
28027	Lincoln County
28028	Lincoln County
28032	Lincoln County
28033	Lincoln County
28034	Lincoln County
28035	Lincoln County
28036	Lincoln County
28037	Lincoln County
28038	Lincoln County
30500	Mecklenburg County
30501	Mecklenburg County
30502	Mecklenburg County
30503	Mecklenburg County
30504	Mecklenburg County
30505	Mecklenburg County
33007	Statewide Medical Transport
33011	Statewide Medical Transport
33012	Statewide Medical Transport
51500	NC HART
51502	Alcohol Law Enforcement ALE
51503	Alcohol Law Enforcement ALE
51504	Alcohol Law Enforcement ALE
51505	Alcohol Law Enforcement ALE
51506	Alcohol Law Enforcement ALE
51507	Alcohol Law Enforcement ALE
51508	Alcohol Law Enforcement ALE
51509	Alcohol Law Enforcement ALE
51510	Alcohol Law Enforcement ALE
51511	Alcohol Law Enforcement ALE
51512	Alcohol Law Enforcement ALE
51513	Alcohol Law Enforcement ALE
51514	Alcohol Law Enforcement ALE
51515	Alcohol Law Enforcement ALE
51516	Alcohol Law Enforcement ALE
51521	Statewide Medical Transport
51523	Statewide Medical Transport
51532	Statewide Medical Transport
51533	Statewide Medical Transport
51534	Statewide Medical Transport
51535	Statewide Medical Transport
51539	Statewide Medical Transport
51541	Statewide Medical Transport
51542	Statewide Medical Transport
51543	Statewide Medical Transport
51544	Statewide Medical Transport
51545	Statewide Medical Transport
51546	Statewide Medical Transport
51551	Emergency Management
51577	State Office of EMS
51578	State Office of EMS
51579	State Office of EMS
51580	State Office of EMS
51581	State Office of EMS
51582	Statewide Medical Transport
51583	Statewide Medical Transport
51584	Statewide Medical Transport
51595	Alcohol Law Enforcement ALE
51596	Alcohol Law Enforcement ALE
51597	NC Civil Air Patrol CAP
51598	NC Civil Air Patrol CAP
51599	NC Civil Air Patrol CAP
51600	NC Civil Air Patrol CAP
51610	Marine Fishery
51611	Marine Fishery
51612	Marine Fishery
51613	Marine Fishery
51614	Marine Fishery
51615	Department of Corrections
51616	Department of Corrections
51617	Department of Corrections
51618	Department of Corrections
51619	Department of Corrections
51620	Department of Corrections
51621	Department of Corrections
51624	Department of Corrections
51625	Department of Corrections
51626	Department of Corrections
51627	Department of Corrections
51628	Department of Corrections
51629	Department of Corrections
51630	Department of Corrections
51631	Department of Corrections
51633	Department of Corrections
51635	Department of Corrections
51637	Department of Corrections
51638	Department of Corrections
51639	Department of Corrections
51641	Department of Corrections
51643	Department of Corrections
51644	Department of Corrections
51645	Department of Corrections
51646	Department of Corrections
51647	Department of Corrections
51648	Department of Corrections
51649	Department of Corrections
51650	Department of Corrections
51651	Department of Corrections
51653	Department of Corrections
51654	Department of Corrections
51655	Department of Corrections
51656	Department of Corrections
51657	Department of Corrections
51658	Department of Corrections
51659	Department of Corrections
51661	Department of Corrections
51662	Department of Corrections
51663	Department of Corrections
51664	Department of Corrections
51665	Department of Corrections
51666	Department of Corrections
51667	Department of Corrections
51668	Department of Corrections
51669	Department of Corrections
51670	Department of Corrections
51671	Department of Corrections
51672	Department of Corrections
51673	Department of Corrections
51674	Department of Corrections
51675	Department of Corrections
51676	Department of Corrections
51677	Department of Corrections
51678	Department of Corrections
51679	Department of Corrections
51680	Department of Corrections
51681	Department of Corrections
51682	Department of Corrections
51683	Department of Corrections
51684	Department of Corrections
51685	Department of Corrections
51686	Department of Corrections
51687	Department of Corrections
51691	NC DOT Including IMAP Motorists Assistance along I40
51692	NC DOT Including IMAP Motorists Assistance along I40
51693	NC DOT Including IMAP Motorists Assistance along I40
51694	NC DOT Including IMAP Motorists Assistance along I40
51695	NC DOT Including IMAP Motorists Assistance along I40
51710	NC DOT Including IMAP Motorists Assistance along I40
51713	NC DOT Including IMAP Motorists Assistance along I40
51714	NC DOT Including IMAP Motorists Assistance along I40
51716	NC DOT Including IMAP Motorists Assistance along I40
51720	NC DOT Including IMAP Motorists Assistance along I40
51722	NC DOT Including IMAP Motorists Assistance along I40
51749	NC DOT Including IMAP Motorists Assistance along I40
51750	NC DOT Including IMAP Motorists Assistance along I40
51751	NC DOT Including IMAP Motorists Assistance along I40
51753	NC DOT Including IMAP Motorists Assistance along I40
51754	NC DOT Including IMAP Motorists Assistance along I40
51755	NC DOT Including IMAP Motorists Assistance along I40
51762	NC DOT Including IMAP Motorists Assistance along I40
51792	NC DOT Including IMAP Motorists Assistance along I40
51793	NC DOT Including IMAP Motorists Assistance along I40
51794	NC DOT Including IMAP Motorists Assistance along I40
51795	NC DOT Including IMAP Motorists Assistance along I40
51796	NC DOT Including IMAP Motorists Assistance along I40
51797	NC DOT Including IMAP Motorists Assistance along I40
51798	NC DOT Including IMAP Motorists Assistance along I40
51799	NC DOT Including IMAP Motorists Assistance along I40
51800	NC DOT Including IMAP Motorists Assistance along I40
51801	NC DOT Including IMAP Motorists Assistance along I40
51802	NC DOT Including IMAP Motorists Assistance along I40
51803	NC DOT Including IMAP Motorists Assistance along I40
51804	NC DOT Including IMAP Motorists Assistance along I40
51805	NC DOT Including IMAP Motorists Assistance along I40
51806	NC DOT Including IMAP Motorists Assistance along I40
51807	NC DOT Including IMAP Motorists Assistance along I40
51808	NC DOT Including IMAP Motorists Assistance along I40
51809	NC DOT Including IMAP Motorists Assistance along I40
51810	NC DOT Including IMAP Motorists Assistance along I40
51811	NC DOT Including IMAP Motorists Assistance along I40
51812	NC DOT Including IMAP Motorists Assistance along I40
51813	NC DOT Including IMAP Motorists Assistance along I40
51814	NC DOT Including IMAP Motorists Assistance along I40
51815	NC DOT Including IMAP Motorists Assistance along I40
51816	NC DOT Including IMAP Motorists Assistance along I40
51817	NC DOT Including IMAP Motorists Assistance along I40
51818	NC DOT Including IMAP Motorists Assistance along I40
51819	NC DOT Including IMAP Motorists Assistance along I40
51820	NC DOT Including IMAP Motorists Assistance along I40
51821	NC DOT Including IMAP Motorists Assistance along I40
51822	NC DOT Including IMAP Motorists Assistance along I40
51823	NC DOT Including IMAP Motorists Assistance along I40
51824	NC DOT Including IMAP Motorists Assistance along I40
51825	NC DOT Including IMAP Motorists Assistance along I40
51826	NC DOT Including IMAP Motorists Assistance along I40
51827	NC DOT Including IMAP Motorists Assistance along I40
51828	NC DOT Including IMAP Motorists Assistance along I40
51829	NC DOT Including IMAP Motorists Assistance along I40
51830	NC DOT Including IMAP Motorists Assistance along I40
51831	NC DOT Including IMAP Motorists Assistance along I40
51832	NC DOT Including IMAP Motorists Assistance along I40
51833	NC DOT Including IMAP Motorists Assistance along I40
51834	NC DOT Including IMAP Motorists Assistance along I40
51835	NC DOT Including IMAP Motorists Assistance along I40
51836	NC DOT Including IMAP Motorists Assistance along I40
51837	NC DOT Including IMAP Motorists Assistance along I40
51838	NC DOT Including IMAP Motorists Assistance along I40
51839	Domestic Preparedness and Readiness Regions (DPRR)
51840	Domestic Preparedness and Readiness Regions (DPRR)
51841	Domestic Preparedness and Readiness Regions (DPRR)
51842	Domestic Preparedness and Readiness Regions (DPRR)
51843	Domestic Preparedness and Readiness Regions (DPRR)
51849	Domestic Preparedness and Readiness Regions (DPRR)
51850	Domestic Preparedness and Readiness Regions (DPRR)
51851	Domestic Preparedness and Readiness Regions (DPRR)
51852	Domestic Preparedness and Readiness Regions (DPRR)
51853	Domestic Preparedness and Readiness Regions (DPRR)
51859	Domestic Preparedness and Readiness Regions (DPRR)
51860	Domestic Preparedness and Readiness Regions (DPRR)
51861	Domestic Preparedness and Readiness Regions (DPRR)
51862	Domestic Preparedness and Readiness Regions (DPRR)
51863	Domestic Preparedness and Readiness Regions (DPRR)
51869	Domestic Preparedness and Readiness Regions (DPRR)
51870	Domestic Preparedness and Readiness Regions (DPRR)
51871	Domestic Preparedness and Readiness Regions (DPRR)
51872	Domestic Preparedness and Readiness Regions (DPRR)
51873	Domestic Preparedness and Readiness Regions (DPRR)
51874	Domestic Preparedness and Readiness Regions (DPRR)
51875	Domestic Preparedness and Readiness Regions (DPRR)
51876	Domestic Preparedness and Readiness Regions (DPRR)
51877	Domestic Preparedness and Readiness Regions (DPRR)
51878	Domestic Preparedness and Readiness Regions (DPRR)
51879	Domestic Preparedness and Readiness Regions (DPRR)
51880	Domestic Preparedness and Readiness Regions (DPRR)
51881	Domestic Preparedness and Readiness Regions (DPRR)
51882	Domestic Preparedness and Readiness Regions (DPRR)
51883	Domestic Preparedness and Readiness Regions (DPRR)
51889	Domestic Preparedness and Readiness Regions (DPRR)
51890	Domestic Preparedness and Readiness Regions (DPRR)
51891	Domestic Preparedness and Readiness Regions (DPRR)
51892	Domestic Preparedness and Readiness Regions (DPRR)
51893	Domestic Preparedness and Readiness Regions (DPRR)
51899	Domestic Preparedness and Readiness Regions (DPRR)
51900	Domestic Preparedness and Readiness Regions (DPRR)
51901	Domestic Preparedness and Readiness Regions (DPRR)
51902	Domestic Preparedness and Readiness Regions (DPRR)
51903	Domestic Preparedness and Readiness Regions (DPRR)
51909	Domestic Preparedness and Readiness Regions (DPRR)
51910	Domestic Preparedness and Readiness Regions (DPRR)
51911	Domestic Preparedness and Readiness Regions (DPRR)
51912	Domestic Preparedness and Readiness Regions (DPRR)
51913	Domestic Preparedness and Readiness Regions (DPRR)
51919	Domestic Preparedness and Readiness Regions (DPRR)
51920	Domestic Preparedness and Readiness Regions (DPRR)
51921	Domestic Preparedness and Readiness Regions (DPRR)
51922	Domestic Preparedness and Readiness Regions (DPRR)
51923	Domestic Preparedness and Readiness Regions (DPRR)
51929	North Carolina Highway Patrol Various
51930	North Carolina Highway Patrol Various
51931	North Carolina Highway Patrol Various
51932	North Carolina Highway Patrol Various
51933	North Carolina Highway Patrol Various
51934	North Carolina Highway Patrol Various
51935	North Carolina Highway Patrol Various
51936	North Carolina Highway Patrol Various
51938	Emergency Management
51939	Emergency Management
51940	Emergency Management
51941	Emergency Management
51942	Emergency Management
51943	Emergency Management
51944	Emergency Management
51945	Emergency Management
51946	Emergency Management
51947	Emergency Management
51950	Statewide Interop
51951	Emergency Management
51952	Emergency Management
51953	Emergency Management
51954	Emergency Management
51955	Statewide Event
51956	Statewide Event
51957	Statewide Event
51958	Statewide Event
51959	Statewide Event
51960	Statewide Event
51961	Statewide Event
51962	Statewide Event
51963	Statewide Event
51964	Statewide Event
51965	Statewide Event
51966	Statewide Event
51967	Statewide Event
51968	Statewide Event
51969	Statewide Event
51970	Statewide Event
51971	Statewide Event
51972	Statewide Event
51973	Statewide Event
51974	Statewide Event
51975	Statewide Event
51976	Statewide Event
51977	Statewide Event
51978	Statewide Event
51979	Statewide Event
51980	Statewide Event
51981	Statewide Event
51982	Statewide Event
51983	Statewide Event
51984	Statewide Event
51985	Statewide Event
51986	Statewide Event
51987	Forest Service
51988	Forest Service
51989	Forest Service
51990	Forest Service
51991	Forest Service
51992	Forest Service
51993	Forest Service
51994	Forest Service
51995	Emergency Management
51996	Emergency Management
51997	Emergency Management
51998	Emergency Management
51999	Emergency Management
52000	Emergency Management
52001	Emergency Management
52002	Emergency Management
52003	Emergency Management
52004	Emergency Management
52005	NC HART
52006	NC HART
52010	NC HART
52011	License and Theft
52012	License and Theft
52013	License and Theft
52014	License and Theft
52015	License and Theft
52016	License and Theft
52017	License and Theft
52018	License and Theft
52019	License and Theft
52020	License and Theft
52021	License and Theft
52022	License and Theft
52023	License and Theft
52027	North Carolina National Guard
52028	North Carolina National Guard
52029	North Carolina National Guard
52030	North Carolina National Guard
52031	NC HART
52032	North Carolina National Guard
52033	North Carolina National Guard
52034	North Carolina National Guard
52035	North Carolina National Guard
52036	North Carolina National Guard
52037	North Carolina National Guard
52038	North Carolina National Guard
52039	North Carolina National Guard
52040	North Carolina National Guard
52041	NC HART
52042	North Carolina National Guard
52043	North Carolina National Guard
52044	Statewide Medical Transport
52046	NC Office of Fire Marshal
52047	NC Office of Fire Marshal
52048	NC Office of Fire Marshal
52049	NC Office of Fire Marshal
52050	NC Office of Fire Marshal
52051	Department of Public Health
52052	Department of Public Health
52053	NC Ports Authority
52054	NC Ports Authority
52055	State Bureau of Investigation
52059	State Bureau of Investigation
52060	State Bureau of Investigation
52062	State Bureau of Investigation
52063	State Bureau of Investigation
52064	State Bureau of Investigation
52067	State Bureau of Investigation
52068	State Bureau of Investigation
52069	State Bureau of Investigation
52083	NC DOT Including IMAP Motorists Assistance along I40
52084	NC DOT Including IMAP Motorists Assistance along I40
52085	NC DOT Including IMAP Motorists Assistance along I40
52086	NC DOT Including IMAP Motorists Assistance along I40
52087	Wildlife Resource
52088	Wildlife Resource
52089	Wildlife Resource
52090	Wildlife Resource
52091	Wildlife Resource
52092	Wildlife Resource
52093	Wildlife Resource
52094	Wildlife Resource
52095	Wildlife Resource
52096	Wildlife Resource
52097	Wildlife Resource
52098	Wildlife Resource
52099	Wildlife Resource
52100	Wildlife Resource
52101	Wildlife Resource
52102	Wildlife Resource
52103	Wildlife Resource
52104	Wildlife Resource
52105	Wildlife Resource
52106	Wildlife Resource
52107	Wildlife Resource
52108	Wildlife Resource
52109	Wildlife Resource
52110	Wildlife Resource
52112	Wildlife Resource
52114	State Bureau of Investigation
52115	State Bureau of Investigation
52116	State Bureau of Investigation
52117	State Bureau of Investigation
52118	State Bureau of Investigation
52127	North Carolina Highway Patrol Various
52129	North Carolina Highway Patrol Various
52130	North Carolina Highway Patrol Various
52214	North Carolina Highway Patrol Various
52216	North Carolina Highway Patrol Various
52218	North Carolina Highway Patrol Various
52219	North Carolina Highway Patrol Various
52220	North Carolina Highway Patrol Various
52221	North Carolina Highway Patrol Various
52222	North Carolina Highway Patrol Various
52223	North Carolina Highway Patrol Various
52242	North Carolina Highway Patrol Various
52255	Statewide Interop
52263	NC State Parks
52264	NC State Parks
52265	NC State Parks
52266	NC State Parks
52267	NC State Parks
52268	NC State Parks
52269	NC State Parks
52270	NC State Parks
52271	NC State Parks
52272	NC State Parks
52273	NC State Parks
52274	NC State Parks
52275	NC State Parks
52276	NC State Parks
52277	NC State Parks
52278	NC State Parks
52279	NC State Parks
52280	NC State Parks
52281	NC State Parks
52282	NC State Parks
52283	NC State Parks
52285	NC State Parks
52286	NC State Parks
52287	NC State Parks
52288	NC State Parks
52289	NC State Parks
52290	NC State Parks
52291	NC State Parks
52292	NC State Parks
52293	NC State Parks
52296	NC State Parks
52300	NC State Parks
52301	NC State Parks
52302	NC State Parks
52303	NC State Parks
52304	NC State Parks
52305	NC State Parks
52306	NC State Parks
52307	NC State Parks
52308	NC State Parks
52309	NC State Parks
52310	NC State Parks
52311	NC State Parks
52312	NC State Parks
52313	NC State Parks
52314	NC State Parks
52315	NC State Parks
52316	NC State Parks
52317	NC State Parks
52318	NC State Parks
52319	NC State Parks
52320	NC State Parks
52321	NC State Parks
52322	NC State Parks
52323	NC State Parks
52324	NC State Parks
52325	NC State Parks
52326	NC State Parks
52327	NC State Parks
52328	NC State Parks
52329	NC State Parks
52330	NC State Parks
52331	NC State Parks
52332	NC State Parks
52333	NC State Parks
52334	NC State Parks
52335	NC State Parks
52336	Radio Technicians
52339	Statewide Medical Transport
52340	Statewide Medical Transport
52341	Statewide Medical Transport
52342	Statewide Medical Transport
52371	VIPER Medical Network VMN
52372	VIPER Medical Network VMN
52373	VIPER Medical Network VMN
52374	VIPER Medical Network VMN
52375	VIPER Medical Network VMN
52376	VIPER Medical Network VMN
52377	VIPER Medical Network VMN
52378	VIPER Medical Network VMN
52379	VIPER Medical Network VMN
52380	VIPER Medical Network VMN
52381	VIPER Medical Network VMN
52382	VIPER Medical Network VMN
52383	VIPER Medical Network VMN
52384	VIPER Medical Network VMN
52385	VIPER Medical Network VMN
52386	VIPER Medical Network VMN
52387	VIPER Medical Network VMN
52388	VIPER Medical Network VMN
52389	VIPER Medical Network VMN
52390	VIPER Medical Network VMN
52391	VIPER Medical Network VMN
52392	VIPER Medical Network VMN
52393	VIPER Medical Network VMN
52394	VIPER Medical Network VMN
52395	VIPER Medical Network VMN
52396	VIPER Medical Network VMN
52397	VIPER Medical Network VMN
52398	VIPER Medical Network VMN
52399	VIPER Medical Network VMN
52400	VIPER Medical Network VMN
52401	VIPER Medical Network VMN
52402	VIPER Medical Network VMN
52403	VIPER Medical Network VMN
52404	VIPER Medical Network VMN
52405	VIPER Medical Network VMN
52406	VIPER Medical Network VMN
52407	VIPER Medical Network VMN
52408	VIPER Medical Network VMN
52409	VIPER Medical Network VMN
52410	VIPER Medical Network VMN
52411	VIPER Medical Network VMN
52412	VIPER Medical Network VMN
52413	VIPER Medical Network VMN
52414	VIPER Medical Network VMN
52415	VIPER Medical Network VMN
52416	VIPER Medical Network VMN
52417	VIPER Medical Network VMN
52418	VIPER Medical Network VMN
52419	VIPER Medical Network VMN
52420	VIPER Medical Network VMN
52421	VIPER Medical Network VMN
52422	VIPER Medical Network VMN
52423	VIPER Medical Network VMN
52424	VIPER Medical Network VMN
52425	VIPER Medical Network VMN
52426	VIPER Medical Network VMN
52427	VIPER Medical Network VMN
52428	VIPER Medical Network VMN
52429	VIPER Medical Network VMN
52430	VIPER Medical Network VMN
52431	VIPER Medical Network VMN
52432	VIPER Medical Network VMN
52433	VIPER Medical Network VMN
52434	VIPER Medical Network VMN
52435	VIPER Medical Network VMN
52436	VIPER Medical Network VMN
52437	VIPER Medical Network VMN
52438	VIPER Medical Network VMN
52439	VIPER Medical Network VMN
52440	VIPER Medical Network VMN
52441	VIPER Medical Network VMN
52442	VIPER Medical Network VMN
52443	VIPER Medical Network VMN
52444	VIPER Medical Network VMN
52445	VIPER Medical Network VMN
52446	VIPER Medical Network VMN
52447	VIPER Medical Network VMN
52448	VIPER Medical Network VMN
52449	VIPER Medical Network VMN
52450	VIPER Medical Network VMN
52451	VIPER Medical Network VMN
52452	VIPER Medical Network VMN
52453	VIPER Medical Network VMN
52454	VIPER Medical Network VMN
52455	VIPER Medical Network VMN
52456	VIPER Medical Network VMN
52457	VIPER Medical Network VMN
52458	VIPER Medical Network VMN
52459	VIPER Medical Network VMN
52460	VIPER Medical Network VMN
52461	VIPER Medical Network VMN
52462	VIPER Medical Network VMN
52463	VIPER Medical Network VMN
52464	VIPER Medical Network VMN
52465	VIPER Medical Network VMN
52466	VIPER Medical Network VMN
52467	VIPER Medical Network VMN
52468	VIPER Medical Network VMN
52469	VIPER Medical Network VMN
52470	VIPER Medical Network VMN
52471	VIPER Medical Network VMN
52472	VIPER Medical Network VMN
52473	VIPER Medical Network VMN
52474	VIPER Medical Network VMN
52475	VIPER Medical Network VMN
52476	VIPER Medical Network VMN
52477	VIPER Medical Network VMN
52478	VIPER Medical Network VMN
52479	VIPER Medical Network VMN
52480	VIPER Medical Network VMN
52481	VIPER Medical Network VMN
52482	VIPER Medical Network VMN
52483	VIPER Medical Network VMN
52484	VIPER Medical Network VMN
52485	VIPER Medical Network VMN
52486	VIPER Medical Network VMN
52487	VIPER Medical Network VMN
52489	VIPER Medical Network VMN
52490	VIPER Medical Network VMN
52491	VIPER Medical Network VMN
52492	VIPER Medical Network VMN
52493	VIPER Medical Network VMN
52494	VIPER Medical Network VMN
52495	VIPER Medical Network VMN
52496	VIPER Medical Network VMN
52497	VIPER Medical Network VMN
52498	VIPER Medical Network VMN
52499	VIPER Medical Network VMN
52500	VIPER Medical Network VMN
52501	VIPER Medical Network VMN
52502	VIPER Medical Network VMN
52503	VIPER Medical Network VMN
52504	VIPER Medical Network VMN
52505	VIPER Medical Network VMN
52506	VIPER Medical Network VMN
52507	VIPER Medical Network VMN
52508	VIPER Medical Network VMN
52509	VIPER Medical Network VMN
52510	VIPER Medical Network VMN
52511	VIPER Medical Network VMN
52512	VIPER Medical Network VMN
52513	VIPER Medical Network VMN
52514	VIPER Medical Network VMN
52515	VIPER Medical Network VMN
52516	VIPER Medical Network VMN
52517	VIPER Medical Network VMN
52518	VIPER Medical Network VMN
52519	VIPER Medical Network VMN
52520	VIPER Medical Network VMN
52521	VIPER Medical Network VMN
52522	VIPER Medical Network VMN
52523	VIPER Medical Network VMN
52524	VIPER Medical Network VMN
52525	VIPER Medical Network VMN
52526	VIPER Medical Network VMN
52527	VIPER Medical Network VMN
52528	VIPER Medical Network VMN
52529	VIPER Medical Network VMN
52530	VIPER Medical Network VMN
52531	VIPER Medical Network VMN
52532	VIPER Medical Network VMN
52533	VIPER Medical Network VMN
52534	VIPER Medical Network VMN
52535	VIPER Medical Network VMN
52536	VIPER Medical Network VMN
52538	VIPER Medical Network VMN
52539	VIPER Medical Network VMN
52540	VIPER Medical Network VMN
52541	VIPER Medical Network VMN
52543	VIPER Medical Network VMN
52544	VIPER Medical Network VMN
52546	VIPER Medical Network VMN
52547	VIPER Medical Network VMN
52548	VIPER Medical Network VMN
52549	VIPER Medical Network VMN
52550	VIPER Medical Network VMN
52551	VIPER Medical Network VMN
52552	VIPER Medical Network VMN
52553	VIPER Medical Network VMN
52554	VIPER Medical Network VMN
52555	VIPER Medical Network VMN
52578	Wildlife Resource
52579	Wildlife Resource
52580	Wildlife Resource
52581	Wildlife Resource
52582	Wildlife Resource
52583	Wildlife Resource
52584	Wildlife Resource
52585	Wildlife Resource
52586	Wildlife Resource
52587	Wildlife Resource
52588	Wildlife Resource
52600	VIPER Medical Network VMN
52608	Statewide Medical Transport
52645	Forest Service
52646	Forest Service
52647	Forest Service
52648	Forest Service
52649	Forest Service
52650	Forest Service
52651	Forest Service
52652	Forest Service
52655	Forest Service
52656	Forest Service
52657	Forest Service
52658	Forest Service
52659	Forest Service
52660	Forest Service
52661	Forest Service
52662	Forest Service
52663	Forest Service
52664	Forest Service
52665	Forest Service
52668	Forest Service
52669	Forest Service
52670	Forest Service
52671	Forest Service
52672	Forest Service
52673	Forest Service
52675	Forest Service
52676	Forest Service
52679	Forest Service
52700	Statewide Medical Transport
52716	Statewide Medical Transport
52717	Statewide Medical Transport
52718	Statewide Medical Transport
52747	State Office of EMS
52748	State Office of EMS
52749	State Office of EMS
52750	Statewide Event
52751	Statewide Event
52752	Statewide Event
52753	Statewide Event
52754	Statewide Event
52755	Statewide Event
52756	Statewide Event
52757	Statewide Event
52758	Statewide Event
52759	Statewide Event
52760	Statewide Event
52761	Statewide Event
52762	Statewide Event
52763	Statewide Event
52764	Statewide Event
52765	Statewide Event
52766	Statewide Event
52767	Statewide Event
52768	Statewide Event
52769	Statewide Event
52770	Statewide Event
52771	Statewide Event
52772	Statewide Event
52773	Statewide Event
52774	Statewide Event
52775	Statewide Event
52776	Statewide Event
52777	Statewide Event
52778	Statewide Event
52779	Statewide Event
52780	Statewide Event
52781	Statewide Event
52782	Statewide Event
52783	Statewide Event
52784	Statewide Event
52785	Statewide Event
52786	Statewide Event
52787	Statewide Event
52788	Statewide Event
52789	Statewide Event
52790	Statewide Event
52791	Statewide Event
52792	Statewide Event
52793	Statewide Event
52794	Statewide Event
52795	Statewide Event
52796	Statewide Event
52797	Statewide Event
52798	State Office of EMS
52799	State Office of EMS
52816	Statewide Interop
52900	ECC Coordination
52901	ECC Coordination
52902	ECC Coordination
52903	ECC Coordination
52904	ECC Coordination
52905	ECC Coordination
52906	ECC Coordination
52907	ECC Coordination
52908	ECC Coordination
52909	ECC Coordination
52910	ECC Coordination
52911	ECC Coordination
52912	ECC Coordination
52913	ECC Coordination
52914	ECC Coordination
57500	South Carolina Interoperability
57501	South Carolina Interoperability
57502	South Carolina Interoperability
57503	South Carolina Interoperability
57504	South Carolina Interoperability
57505	South Carolina Interoperability
57506	North Carolina Highway Patrol Various
60500	ATF Alcohol Tobacco Firearms and Explosives
60501	ATF Alcohol Tobacco Firearms and Explosives
60502	ATF Alcohol Tobacco Firearms and Explosives
60503	ATF Alcohol Tobacco Firearms and Explosives
60504	ATF Alcohol Tobacco Firearms and Explosives
60505	ATF Alcohol Tobacco Firearms and Explosives
60506	ATF Alcohol Tobacco Firearms and Explosives
60526	Federal Bureau of Investigation
60527	Federal Bureau of Investigation
60528	Federal Bureau of Investigation
60529	Federal Bureau of Investigation
60530	Federal Bureau of Investigation
60531	Federal Bureau of Investigation
60532	Federal Bureau of Investigation
60533	Federal Bureau of Investigation
60534	Federal Bureau of Investigation
60535	Federal Bureau of Investigation
60545	Federal Common
60546	Federal Common
60556	Department of Defense
60557	Department of Defense
60558	Department of Defense
60559	Department of Defense
60560	Department of Defense
60561	Department of Defense
60562	Department of Defense
60581	Blue Ridge Parkway
60584	NOAA National Weather Service
60594	Drug Enforcement Agency
60595	Drug Enforcement Agency
60596	Drug Enforcement Agency
60597	Drug Enforcement Agency
60598	Drug Enforcement Agency
60599	Drug Enforcement Agency
60600	Drug Enforcement Agency
60610	US Immigration and Customs Enforcement
60611	US Immigration and Customs Enforcement
60612	US Immigration and Customs Enforcement
60613	US Immigration and Customs Enforcement
60614	US Immigration and Customs Enforcement
60615	US Immigration and Customs Enforcement
60616	US Immigration and Customs Enforcement
60617	US Immigration and Customs Enforcement
60618	US Immigration and Customs Enforcement
60619	US Immigration and Customs Enforcement
60643	US Forestry Service
60644	US Forestry Service
60654	US Fish and Wildlife Service
60655	US Fish and Wildlife Service
60656	US Fish and Wildlife Service
60660	US Marshals Service
60661	US Marshals Service
60662	US Marshals Service
60663	US Marshals Service
60666	US Marshals Service
60667	US Marshals Service
60668	US Marshals Service
60669	US Marshals Service
60670	US Marshals Service
60671	US Marshals Service
60672	US Marshals Service
60673	US Marshals Service
60674	US Marshals Service
60676	US Marshals Service
60677	US Marshals Service
60678	US Marshals Service
60679	US Department of Veterans Affairs
60680	US Department of Veterans Affairs
60681	US Department of Veterans Affairs
60682	US Department of Veterans Affairs
60683	US Department of Veterans Affairs
60684	US Department of Veterans Affairs
60685	US Department of Veterans Affairs
60686	US Department of Veterans Affairs
60687	US Department of Veterans Affairs
60688	US Department of Veterans Affairs
60699	US Department of Veterans Affairs
61450	US Coast Guard
61451	US Coast Guard
61452	US Coast Guard
61453	US Coast Guard
61454	US Coast Guard
61455	US Coast Guard
