21	Mecklenburg Parks & Rec
27	Mecklenburg Parks & Rec
29	Mecklenburg County Sheriff
31	Mecklenburg County Sheriff
41	Mecklenburg County Mutual Aid
43	Mecklenburg County Mutual Aid
45	Mecklenburg County Mutual Aid
47	Mecklenburg County Mutual Aid
49	Mecklenburg County Mutual Aid
51	Mecklenburg County Mutual Aid
53	Mecklenburg County Mutual Aid
55	Mecklenburg County Mutual Aid
57	Mecklenburg County Mutual Aid
59	Mecklenburg County Mutual Aid
61	Mecklenburg County Mutual Aid
63	Matthews
65	Matthews
67	Matthews
69	Matthews
73	Matthews
75	Matthews
123	NC Highway Patrol
129	Mecklenburg County Mutual Aid
131	Mecklenburg County Mutual Aid
133	Mecklenburg County Mutual Aid
135	Mecklenburg County Mutual Aid
147	NC Highway Patrol
153	Mecklenburg County Mutual Aid
155	Mecklenburg County Mutual Aid
157	Mecklenburg County Mutual Aid
159	Mecklenburg County Mutual Aid
161	Mecklenburg County Mutual Aid
185	Mecklenburg County Fire/EMS
187	Systemwide Mutual Aid
189	Mecklenburg County Sheriff
207	Charlotte Area Transit System
209	Charlotte Area Transit System
211	Charlotte Area Transit System
229	Mecklenburg County Sheriff
231	Mecklenburg County Sheriff
237	Mecklenburg County Sheriff
271	Systemwide Hospitals
273	Systemwide Hospitals
275	Systemwide Hospitals
278	Systemwide Hospitals
279	Systemwide Hospitals
287	Systemwide Hospitals
289	Systemwide Hospitals
299	UNC Charlotte
301	UNC Charlotte
303	UNC Charlotte
305	UNC Charlotte
307	UNC Charlotte
309	UNC Charlotte
311	UNC Charlotte
313	UNC Charlotte
315	UNC Charlotte
317	UNC Charlotte
319	UNC Charlotte
321	UNC Charlotte
323	UNC Charlotte
325	Queens University
337	Charlotte Services
339	Charlotte Services
357	Charlotte-Mecklenburg Schools
403	Mecklenburg County Fire/EMS
405	Mecklenburg County Fire/EMS
407	Mecklenburg County Fire/EMS
409	Mecklenburg County Fire/EMS
411	Mecklenburg County Fire/EMS
413	Mecklenburg County Fire/EMS
415	Mecklenburg County Fire/EMS
417	Mecklenburg County Fire/EMS
421	Systemwide Hospitals
423	Mecklenburg County Fire/EMS
425	Mecklenburg County Fire/EMS
427	Mecklenburg County Fire/EMS
429	Mecklenburg County Fire/EMS
431	Systemwide Hospitals
433	Systemwide Hospitals
439	Systemwide Hospitals
445	Johnson C Smith University
453	Mecklenburg County Fire/EMS
455	Mecklenburg County Fire/EMS
457	Mecklenburg County Fire/EMS
459	Mecklenburg County Fire/EMS
461	Mecklenburg County Fire/EMS
463	Mecklenburg County Fire/EMS
467	Mecklenburg County Fire/EMS
475	Charlotte Services
479	Charlotte Services
489	Charlotte Services
515	Charlotte-Mecklenburg Police
517	Charlotte-Mecklenburg Police
523	Charlotte-Mecklenburg Police
527	Charlotte-Mecklenburg Police
529	Charlotte-Mecklenburg Police
531	Charlotte-Mecklenburg Police
533	Charlotte-Mecklenburg Police
535	Charlotte-Mecklenburg Police
537	Systemwide Mutual Aid
539	Charlotte-Mecklenburg Police
541	Charlotte-Mecklenburg Police
543	Charlotte-Mecklenburg Police
545	Charlotte-Mecklenburg Police
547	Charlotte-Mecklenburg Police
549	Charlotte-Mecklenburg Police
551	Charlotte-Mecklenburg Police
553	Charlotte-Mecklenburg Police
555	Charlotte-Mecklenburg Police
557	Charlotte-Mecklenburg Police
559	Charlotte-Mecklenburg Police
561	Charlotte-Mecklenburg Police
563	Charlotte-Mecklenburg Police
565	Charlotte-Mecklenburg Police
567	Charlotte-Mecklenburg Police
583	Charlotte-Mecklenburg Police
585	Charlotte-Mecklenburg Police
587	Charlotte-Mecklenburg Police
589	Charlotte-Mecklenburg Police
591	Charlotte-Mecklenburg Police
593	Charlotte-Mecklenburg Police
594	Charlotte-Mecklenburg Police
597	Charlotte-Mecklenburg Police
599	Charlotte-Mecklenburg Police
657	Charlotte-Mecklenburg Police
659	Charlotte-Mecklenburg Police
661	Charlotte-Mecklenburg Police
663	Charlotte-Mecklenburg Police
665	Charlotte-Mecklenburg Police
667	Charlotte-Mecklenburg Police
669	Charlotte-Mecklenburg Police
675	Charlotte-Mecklenburg Police
677	Charlotte-Mecklenburg Police
681	Charlotte-Mecklenburg Police
685	Charlotte-Mecklenburg Police
687	Charlotte-Mecklenburg Police
693	Charlotte-Mecklenburg Police
697	Charlotte-Mecklenburg Police
731	Charlotte Area Transit System
735	Charlotte Area Transit System
737	Charlotte Area Transit System
739	Charlotte Area Transit System
741	Charlotte Area Transit System
759	Mecklenburg County Fire/EMS
761	Mecklenburg County Fire/EMS
763	Mecklenburg County Fire/EMS
765	Mecklenburg County Fire/EMS
767	Mecklenburg County Fire/EMS
769	Mecklenburg County Fire/EMS
771	Mecklenburg County Fire/EMS
773	Mecklenburg County Fire/EMS
787	Systemwide Hospitals
789	Systemwide Hospitals
791	Systemwide Hospitals
793	Systemwide Hospitals
795	Systemwide Hospitals
797	Systemwide Hospitals
799	Systemwide Hospitals
801	Systemwide Hospitals
803	Systemwide Hospitals
805	Systemwide Hospitals
809	Systemwide Hospitals
811	Systemwide Hospitals
813	Systemwide Hospitals
815	Charlotte-Mecklenburg Police
817	Charlotte-Mecklenburg Police
819	Charlotte-Mecklenburg Police
821	Charlotte-Mecklenburg Police
823	Charlotte-Mecklenburg Police
825	Charlotte-Mecklenburg Police
827	Charlotte-Mecklenburg Police
829	Charlotte-Mecklenburg Police
831	Charlotte-Mecklenburg Police
833	Charlotte-Mecklenburg Police
835	Charlotte-Mecklenburg Police
837	Charlotte-Mecklenburg Police
839	Charlotte-Mecklenburg Police
841	Charlotte-Mecklenburg Police
843	Charlotte-Mecklenburg Police
845	Charlotte-Mecklenburg Police
847	Charlotte-Mecklenburg Police
849	Charlotte-Mecklenburg Police
851	Charlotte-Mecklenburg Police
853	Charlotte-Mecklenburg Police
855	Charlotte-Mecklenburg Police
869	Charlotte-Mecklenburg Police
907	Charlotte-Mecklenburg Police
919	Charlotte-Mecklenburg Police
920	Charlotte-Mecklenburg Police
921	Charlotte-Mecklenburg Police
947	Huntersville
951	Huntersville
953	Huntersville
983	Charlotte Fire
985	Charlotte Fire
987	Charlotte Fire
991	Charlotte Fire
993	Mecklenburg County Sheriff
999	Mecklenburg County Sheriff
1001	Mecklenburg County Sheriff
1003	Mecklenburg County Sheriff
1005	Mecklenburg County Sheriff
1007	Mecklenburg County Sheriff
1027	Charlotte Fire
1029	Charlotte Fire
1031	Charlotte Fire
1033	Charlotte Fire
1035	Charlotte Fire
1037	Charlotte Fire
1039	Charlotte Fire
1041	Charlotte Fire
1057	Charlotte Fire
1059	Charlotte Fire
1061	Charlotte Fire
1063	Charlotte Fire
1065	Charlotte Fire
1067	Charlotte Fire
1069	Charlotte Fire
1071	Charlotte Fire
1073	Charlotte Fire
1075	Charlotte Fire
1077	Charlotte Fire
1085	Charlotte Fire
1087	Charlotte Fire
1089	Charlotte Fire
1091	Charlotte Fire
1093	Charlotte Fire
1095	Charlotte Fire
1097	Charlotte Fire
1099	Charlotte Fire
1101	Charlotte Fire
1103	Charlotte Fire
1105	Charlotte Fire
1107	Charlotte Fire
1109	Charlotte Fire
1111	Charlotte Fire
1113	Charlotte Fire
1115	Charlotte Fire
1117	Charlotte Fire
1119	Charlotte Fire
1147	Systemwide Mutual Aid
1149	Systemwide Mutual Aid
1151	Systemwide Mutual Aid
1153	Systemwide Mutual Aid
1155	Systemwide Mutual Aid
1157	Systemwide Mutual Aid
1159	Systemwide Mutual Aid
1161	Systemwide Mutual Aid
1165	Mecklenburg County Sheriff
1167	Mecklenburg County Sheriff
1169	Mecklenburg County Sheriff
1171	Mecklenburg County Sheriff
1173	Mecklenburg County Sheriff
1175	Mecklenburg County Sheriff
1177	Mecklenburg County Sheriff
1179	Mecklenburg County Sheriff
1181	Mecklenburg County Sheriff
1183	Mecklenburg County Sheriff
1201	Mecklenburg County Sheriff
1205	Mecklenburg County Sheriff
1225	Systemwide Mutual Aid
1227	Systemwide Mutual Aid
1229	Systemwide Mutual Aid
1231	Systemwide Mutual Aid
1233	Systemwide Mutual Aid
1235	Mecklenburg County Mutual Aid
1237	Mecklenburg County Mutual Aid
1239	Mecklenburg County Mutual Aid
1241	Mecklenburg County Mutual Aid
1243	Mecklenburg County Mutual Aid
1245	Mecklenburg County Mutual Aid
1247	Mecklenburg County Mutual Aid
1249	Mecklenburg County Mutual Aid
1251	Mecklenburg County Mutual Aid
1253	Mecklenburg County Mutual Aid
1255	Mecklenburg County Mutual Aid
1257	Mecklenburg County Mutual Aid
1259	Mecklenburg County Mutual Aid
1261	Mecklenburg County Mutual Aid
1263	Mecklenburg County Mutual Aid
1265	Mecklenburg County Mutual Aid
1267	Mecklenburg County Mutual Aid
1269	Mecklenburg County Mutual Aid
1271	Mecklenburg County Mutual Aid
1273	Charlotte-Mecklenburg Police
1301	Charlotte Fire
1303	Charlotte Fire
1307	Charlotte Fire
1309	Charlotte Fire
1317	Charlotte Fire
1319	Charlotte Fire
1329	Charlotte Fire
1557	Mecklenburg County Sheriff
1559	Mecklenburg County Sheriff
1561	Mecklenburg County Sheriff
1563	Mecklenburg County Sheriff
1565	Mecklenburg County Sheriff
1567	Mecklenburg County Sheriff
1569	Mecklenburg County Sheriff
1627	Davidson
1629	Davidson
1631	Cornelius
1633	Cornelius
1635	Cornelius
1637	Cornelius
1655	Mecklenburg County Mutual Aid
1669	Mecklenburg County Mutual Aid
1675	Charlotte-Mecklenburg Schools
1677	Charlotte-Mecklenburg Schools
1679	Radio Technicians
1681	Radio Technicians
1689	Charlotte Area Transit System
1691	Charlotte Area Transit System
1693	Charlotte Area Transit System
1779	Charlotte-Mecklenburg Police
1781	Charlotte-Mecklenburg Police
2001	Mecklenburg County Services
2003	Mecklenburg County Services
2085	Matthews
2101	Mint Hill
2103	Mint Hill
2105	Mint Hill
2125	Mecklenburg County Mutual Aid
2137	Charlotte Area Transit System
2139	Charlotte Area Transit System
2149	Charlotte Area Transit System
4063	Radio Technicians
7000	Cabarrus County Sheriff
7001	Cabarrus County Sheriff
7002	Cabarrus County Sheriff
7003	Cabarrus County Sheriff
7004	Cabarrus County Sheriff
7005	Cabarrus County Sheriff
7006	Cabarrus County Sheriff
7007	Cabarrus County Sheriff
7008	Cabarrus County Sheriff
7009	Cabarrus County Sheriff
7010	Cabarrus County Sheriff
7013	Cabarrus County Sheriff
7014	Concord
7015	Concord
7016	Concord
7017	Concord
7018	Concord
7019	Concord
7020	Concord
7021	Concord
7025	Concord
7028	Kannapolis
7029	Kannapolis
7030	Kannapolis
7031	Kannapolis
7034	Cabarrus County Fire/EMS
7035	Cabarrus County Fire/EMS
7036	Cabarrus County Fire/EMS
7037	Cabarrus County Fire/EMS
7038	Cabarrus County Fire/EMS
7039	Cabarrus County Fire/EMS
7040	Cabarrus County Fire/EMS
7041	Cabarrus County Fire/EMS
7042	Cabarrus County Fire/EMS
7043	Cabarrus County Fire/EMS
7044	Cabarrus County Fire/EMS
7045	Cabarrus County Fire/EMS
7047	Concord
7048	Concord
7049	Concord
7050	Concord
7051	Concord
7052	Concord
7053	Concord
7054	Concord
7055	Concord
7056	Concord
7057	Concord
7058	Concord
7060	Concord
7064	Kannapolis
7065	Kannapolis
7066	Kannapolis
7067	Kannapolis
7068	Kannapolis
7069	Kannapolis
7070	Kannapolis
7071	Kannapolis
7072	Kannapolis
7074	Systemwide Hospitals
7075	Systemwide Hospitals
7100	Cabarrus County Mutual Aid
7101	Cabarrus County Mutual Aid
7102	Cabarrus County Mutual Aid
7103	Cabarrus County Mutual Aid
7104	Cabarrus County Mutual Aid
7105	Cabarrus County Mutual Aid
7106	Cabarrus County Mutual Aid
7107	Cabarrus County Mutual Aid
7108	Cabarrus County Mutual Aid
7109	Cabarrus County Mutual Aid
7110	Cabarrus County Mutual Aid
7111	Cabarrus County Mutual Aid
7112	Cabarrus County Mutual Aid
7113	Cabarrus County Mutual Aid
7114	Cabarrus County Mutual Aid
7115	Cabarrus County Mutual Aid
7116	Cabarrus County Mutual Aid
7117	Cabarrus County Mutual Aid
7118	Cabarrus County Mutual Aid
7119	Cabarrus County Mutual Aid
7120	Cabarrus County Mutual Aid
7121	Cabarrus County Mutual Aid
7122	Cabarrus County Mutual Aid
7134	Cabarrus County Services
7135	Cabarrus County Services
7136	Concord
7137	Public Utilities
7147	Concord
7154	Concord
7155	Concord
7156	Concord
7169	Concord
18500	Belmont
18504	Mount Holly
18505	Mount Holly
18510	Mount Holly
18514	Gastonia
18515	Gastonia
18516	Gastonia
18517	Gastonia
18518	Gastonia
18519	Gastonia
18520	Gaston County Mutual Aid
18533	Gastonia
18534	Gastonia
18535	Gastonia
18536	Gastonia
18537	Gastonia
18538	Gastonia
18539	Gastonia
18540	Gastonia
18541	Gastonia
18542	Gastonia
18554	Gastonia
18556	Gastonia
18572	Gastonia
18577	Gastonia
25071	Mooresville
25072	Mooresville
25073	Mooresville
25074	Mooresville
25075	Mooresville
25076	Mooresville
25077	Mooresville
25078	Mooresville
25079	Mooresville
25080	Mooresville
25084	Iredell County
25092	Systemwide Hospitals
25093	Systemwide Hospitals
25094	Systemwide Hospitals
25095	Systemwide Hospitals
25096	Systemwide Hospitals
25097	Systemwide Hospitals
25098	Systemwide Hospitals
25099	Systemwide Hospitals
25101	Iredell County
25119	Mooresville
25120	Mooresville
25121	Mooresville
25122	Mooresville
25123	Mooresville
25124	Mooresville
25125	Mooresville
25126	Mooresville
25127	Mooresville
25128	Mooresville
25129	Mooresville
25130	Mooresville
25131	Mooresville
25132	Mooresville
25133	Mooresville
25134	Mooresville
25135	Mooresville
25136	Mooresville
25137	Mooresville
25138	Mooresville
25139	Mooresville
25140	Mooresville
25141	Mooresville
25142	Mooresville
25143	Mooresville
25144	Mooresville
25145	Mooresville
25146	Mooresville
25147	Iredell County
25148	Iredell County
25149	Iredell County
25150	Iredell County
25151	Iredell County
25152	Iredell County
25153	Iredell County
25154	Iredell County
25155	Iredell County
25156	Iredell County
25157	Iredell County
25158	Iredell County
25159	Iredell County
25160	Iredell County
25163	Iredell County
25164	Iredell County
25165	Iredell County
25166	Iredell County
25170	Mooresville
25182	Mooresville Services
25183	Mooresville Services
25184	Mooresville Services
25185	Mooresville Services
25186	Mooresville Services
25187	Mooresville Services
25188	Mooresville Services
25189	Mooresville Services
25190	Mooresville Services
25191	Mooresville Services
25192	Mooresville Services
25193	Mooresville Services
25194	Mooresville Services
25195	Mooresville Services
25196	Mooresville Services
25198	Mooresville Services
25199	Mooresville Services
25200	Mooresville Services
25201	Mooresville Services
25202	Mooresville Services
25203	Mooresville Services
25204	Mooresville Services
25205	Mooresville Services
25226	Mooresville Services
25227	Mooresville Services
25228	Mooresville Services
25229	Mooresville Services
25230	Mooresville Services
25231	Mooresville Services
25232	Mooresville Services
25233	Iredell County
25234	Iredell County
25235	Mooresville
25236	Mooresville
25237	Mooresville
25238	Mooresville
25239	Mooresville
25240	Mooresville
25241	Mooresville
25242	Mooresville
25243	Mooresville
25244	Mooresville
25245	Mooresville
25246	Mooresville
25247	Mooresville
25248	Mooresville
25249	Mooresville
25250	Mooresville
25251	Mooresville
25252	Mooresville Services
25253	Mooresville Services
30500	Mecklenburg County Mutual Aid
30501	Mecklenburg County Mutual Aid
30502	Mecklenburg County Mutual Aid
30503	Mecklenburg County Mutual Aid
30504	Mecklenburg County Mutual Aid
30505	Mecklenburg County Mutual Aid
30506	Mecklenburg County Mutual Aid
30507	Mecklenburg County Mutual Aid
30508	Mecklenburg County Mutual Aid
30509	Mecklenburg County Mutual Aid
30510	Mecklenburg County Mutual Aid
30511	Mecklenburg County Mutual Aid
30512	Mecklenburg County Mutual Aid
30513	Mecklenburg County Mutual Aid
30514	Charlotte Fire
30515	Charlotte Fire
30521	Charlotte Fire
30522	Charlotte Fire
30523	Charlotte Fire
30524	Charlotte Fire
30525	Charlotte Fire
30526	Charlotte Fire
30527	Charlotte Fire
30528	Charlotte Fire
30529	Charlotte Fire
30532	Charlotte Fire
30535	Charlotte-Mecklenburg Police
30536	Charlotte-Mecklenburg Police
30538	Charlotte-Mecklenburg Police
30539	Charlotte-Mecklenburg Police
30541	Charlotte-Mecklenburg Police
30542	Charlotte-Mecklenburg Police
30551	Charlotte Douglas International Airport
30552	Charlotte Douglas International Airport
30553	Charlotte Douglas International Airport
30554	Charlotte Douglas International Airport
30555	Charlotte Douglas International Airport
30556	Charlotte Douglas International Airport
30557	Charlotte Douglas International Airport
30558	Charlotte Douglas International Airport
30559	Charlotte Douglas International Airport
30560	Charlotte Douglas International Airport
30561	Charlotte Douglas International Airport
30562	Charlotte Douglas International Airport
30563	Charlotte Douglas International Airport
30564	Charlotte Fire
30565	Systemwide Hospitals
30566	Systemwide Hospitals
30567	Systemwide Hospitals
30577	Charlotte Services
30584	Charlotte Services
30616	Charlotte-Mecklenburg Police
30657	Charlotte Services
30663	Mecklenburg Security
30664	Mecklenburg Security
30681	Charlotte-Mecklenburg Police
30682	Charlotte-Mecklenburg Police
30691	Central Piedmont Community College
30692	Central Piedmont Community College
42500	Stanly County Sheriff
42502	Stanly County Sheriff
42510	Stanly County Sheriff
42511	Stanly County Sheriff
42512	Albemarle
42513	Albemarle
42519	Stanly County Sheriff
42525	Stanly County Sheriff
42529	Stanly County Fire/EMS
42530	Stanly County Fire/EMS
42531	Stanly County Fire/EMS
42532	Stanly County Mutual Aid
42533	Stanly County Mutual Aid
42534	Stanly County Mutual Aid
42535	Stanly County Mutual Aid
42537	Stanly County Fire/EMS
42538	Stanly County Fire/EMS
42539	Stanly County Fire/EMS
42540	Stanly County Fire/EMS
42541	Stanly County Fire/EMS
42542	Stanly County Fire/EMS
42543	Stanly County Fire/EMS
42544	Stanly County Fire/EMS
42545	Stanly County Fire/EMS
42546	Stanly County Fire/EMS
42547	Stanly County Fire/EMS
42548	Stanly County Fire/EMS
42549	Stanly County Fire/EMS
42550	Stanly County Fire/EMS
42551	Stanly County Fire/EMS
42552	Stanly County Fire/EMS
42553	Stanly County Fire/EMS
42554	Stanly County Fire/EMS
42555	Stanly County Fire/EMS
42556	Stanly County Fire/EMS
42567	Stanly County Mutual Aid
42568	Stanly County Mutual Aid
42569	Stanly County Mutual Aid
42570	Stanly County Mutual Aid
42571	Stanly County Mutual Aid
42572	Stanly County Mutual Aid
42573	Stanly County Mutual Aid
42574	Stanly County Mutual Aid
42575	Stanly County Mutual Aid
42576	Stanly County Mutual Aid
42577	Stanly County Mutual Aid
42578	Stanly County Mutual Aid
42579	Stanly County Mutual Aid
42580	Stanly County Mutual Aid
42581	Stanly County Mutual Aid
42583	Stanly County Fire/EMS
42584	Stanly County Fire/EMS
42585	Stanly County Fire/EMS
42586	Stanly County Fire/EMS
42587	Stanly County Fire/EMS
42588	Stanly County Fire/EMS
42589	Stanly County Fire/EMS
42590	Stanly County Fire/EMS
45500	Union County Sheriff
45519	Union County Sheriff
45529	Union County Fire/EMS
45537	Union County Mutual Aid
45538	Union County Mutual Aid
45539	Union County Mutual Aid
45540	Union County Mutual Aid
45541	Union County Mutual Aid
45542	Union County Mutual Aid
45543	Union County Mutual Aid
45544	Union County Mutual Aid
45545	Union County Mutual Aid
45546	Union County Mutual Aid
45547	Union County Mutual Aid
45548	Union County Mutual Aid
45549	Union County Mutual Aid
45550	Union County Mutual Aid
45551	Union County Fire/EMS
45563	Union County Sheriff
45564	Union County Sheriff
45565	Union County Sheriff
45574	Monroe
45582	Systemwide Mutual Aid
45583	Systemwide Mutual Aid
45584	Systemwide Mutual Aid
45585	Systemwide Mutual Aid
45586	Union County Fire/EMS
45587	Union County Fire/EMS
45588	Union County Fire/EMS
45589	Union County Fire/EMS
45590	Union County Fire/EMS
45591	Union County Fire/EMS
45592	Union County Fire/EMS
45593	Union County Fire/EMS
45594	Union County Fire/EMS
45595	Union County Fire/EMS
45596	Union County Sheriff
45597	Monroe
45598	Union County Sheriff
45599	Union County Fire/EMS
45602	Monroe
45604	Union County Fire/EMS
45605	Marshville
45640	Union County Sheriff
45641	Union County Sheriff
45644	Union County Sheriff
45648	Union County Mutual Aid
45649	Union County Mutual Aid
45650	Union County Mutual Aid
45651	Union County Mutual Aid
45657	Monroe
45665	Union County Fire/EMS
45668	Union County Mutual Aid
45670	Union County Fire/EMS
45675	Union County Mutual Aid
45676	Union County Mutual Aid
45677	Union County Mutual Aid
45725	Waxhaw
45726	Union County Sheriff
45727	Monroe
45729	Union County Services
45730	Union County Services
45732	Union County Services
45733	Union County Services
45734	Union County Services
45737	Union County Services
45738	Union County Services
45740	Union County Services
45750	Systemwide Hospitals
45756	Union County Services
45759	Union County Services
45770	Union County Schools
45771	Union County Schools
45772	Union County Schools
45773	Union County Schools
45774	Union County Schools
45775	Union County Schools
45776	Union County Schools
45777	Union County Schools
45778	Union County Schools
45779	Union County Schools
